total_meters,price,floor,floors_count,rooms_count,location,district,underground
32.0,13590000,10,18,1,1,1,1
40.0,12700000,14,16,1,1,2,2
34.9,19000000,8,14,1,1,3,3
35.1,15950000,5,12,1,1,3,4
39.0,14600000,15,17,1,1,4,5
34.5,11900000,6,12,1,1,5,6
35.0,11900000,8,15,1,1,6,7
40.8,11600000,9,16,1,1,7,8
36.0,16000000,5,12,1,1,8,9
31.0,9500000,3,5,1,1,9,10
51.7,13500000,1,5,1,1,10,11
44.7,12459200,1,10,1,1,10,12
54.1,14621700,8,10,1,1,10,12
58.0,15462500,3,10,1,1,10,12
60.5,16018100,8,10,1,1,10,12
60.5,16013800,2,10,1,1,10,12
31.4,9200000,1,5,1,1,11,13
33.9,12000000,3,9,1,1,12,14
38.5,13500000,8,12,1,1,13,15
34.7,10000000,9,9,1,1,14,16
37.9,8799000,7,15,1,1,5,17
46.9,23190000,17,20,1,1,3,18
33.4,8900000,2,9,1,1,15,19
70.0,35700000,13,21,1,1,16,20
35.6,13500000,12,15,1,1,6,21
41.1,14500000,14,22,1,1,17,22
16.0,6800000,1,9,1,1,18,23
36.9,8800000,7,9,1,1,19,2
38.1,11900000,11,17,1,1,20,24
31.4,15000000,5,9,1,1,21,25
42.7,27700000,8,11,1,1,3,26
34.1,19000000,5,12,1,1,22,27
32.0,9530000,5,5,1,1,23,28
34.0,25700000,4,8,1,1,24,29
32.8,8500000,2,9,1,1,25,30
31.5,10700000,8,14,1,1,26,31
39.0,10990000,5,19,1,1,27,32
45.0,18950000,2,20,1,1,26,31
33.4,10500000,1,12,1,1,28,33
35.2,10950000,8,12,1,1,28,33
29.7,10900000,8,12,1,1,29,34
43.3,27200000,10,15,1,1,30,35
41.0,11500000,2,12,1,1,31,36
43.2,17000000,15,23,1,1,32,37
33.0,14900000,4,9,1,1,33,38
42.1,18500000,4,4,1,1,8,39
32.5,13100000,3,9,1,1,34,40
31.9,17490000,9,23,1,1,32,41
30.7,8500000,1,12,1,1,19,42
34.0,9990000,1,5,1,1,35,43
38.3,10400000,1,12,1,1,11,13
32.8,8560000,1,9,1,1,14,16
32.6,12500000,2,9,1,1,29,43
24.0,12800000,1,29,1,1,13,44
38.9,13477999,7,12,1,1,32,37
42.3,13200000,19,25,1,1,36,45
39.5,12800000,9,24,1,1,23,28
56.0,28000000,15,17,1,1,37,46
34.2,21500000,8,9,1,1,21,25
31.9,16900000,9,24,1,1,32,41
35.0,8200000,11,12,1,1,38,47
38.0,30400000,3,15,1,1,39,14
38.1,12990000,16,17,1,1,40,48
33.0,10950000,9,9,1,1,41,49
32.0,12270000,3,15,1,1,42,50
41.0,29900000,7,22,1,1,43,51
31.0,9490000,9,9,1,1,44,52
37.2,19999999,2,9,1,1,13,44
34.7,9500000,5,9,1,1,45,53
38.79,11700000,12,12,1,1,46,54
40.0,11500000,11,20,1,1,27,32
20.1,8900000,3,9,1,1,47,55
32.3,9800000,1,9,1,1,35,43
37.0,14200000,2,22,1,1,48,56
24.7,11800000,4,8,1,1,3,3
37.0,14600000,4,18,1,1,20,57
41.3,9700000,5,12,1,1,49,42
33.0,15490000,9,9,1,1,42,58
30.0,8790000,5,5,1,1,11,59
37.9,19000000,9,25,1,1,50,60
37.3,20900000,2,30,1,1,44,61
38.0,13300000,10,17,1,1,51,62
48.0,25000000,13,30,1,1,44,61
33.7,17500000,5,9,1,1,24,63
60.0,26000000,3,6,1,1,47,55
41.1,17000000,17,18,1,1,47,64
66.3,34000000,8,9,1,1,8,9
46.7,10750000,17,17,1,1,52,65
42.0,8700000,7,17,1,1,5,66
32.6,8800000,3,9,1,1,53,67
39.0,12899999,6,13,1,1,20,68
41.1,14190000,13,15,1,1,54,69
34.6,10000000,3,16,1,1,55,70
34.8,14500000,2,12,1,1,56,71
38.0,13800000,12,16,1,1,55,70
37.5,11099000,16,17,1,1,57,72
39.6,11500000,8,17,1,1,58,73
37.6,13500000,5,16,1,1,59,74
32.9,9500000,1,4,1,1,10,11
30.2,10850000,6,8,1,1,60,69
41.0,22600000,2,18,1,1,12,14
39.8,14370000,5,24,1,1,61,40
33.0,13600000,4,9,1,1,21,75
38.3,10400000,12,24,1,1,27,76
38.0,15000000,16,16,1,1,40,48
30.9,10600000,6,9,1,1,62,49
29.4,11550000,5,9,1,1,16,77
41.3,20900000,16,25,1,1,47,55
36.8,10800000,1,17,1,1,2,2
40.0,8899000,1,12,1,1,63,47
37.8,11400000,7,14,1,1,64,78
39.4,9100000,1,14,1,1,19,42
38.3,16600000,12,18,1,1,65,79
38.0,13300000,10,17,1,1,25,30
37.4,10000000,4,17,1,1,58,73
40.2,11900000,11,25,1,1,48,70
33.0,11500000,4,12,1,1,29,34
43.6,16990000,10,15,1,1,66,80
34.0,9200000,8,12,1,1,25,30
38.9,13750000,9,12,1,1,41,81
35.0,9400000,5,12,1,1,38,82
43.0,11900000,15,25,1,1,19,83
38.0,20800000,14,28,1,1,67,11
36.2,9800000,1,9,1,1,14,16
39.0,17990000,14,19,1,1,68,84
33.1,8000000,1,9,1,1,67,85
35.5,9200000,3,9,1,1,5,86
35.1,12899000,4,24,1,1,27,87
37.6,16300000,14,21,1,1,41,81
36.5,10580300,9,10,1,1,10,12
52.4,15800000,5,5,1,1,10,11
37.9,11499999,16,20,1,1,46,88
36.5,10580300,8,10,1,1,10,12
50.0,18600000,3,19,1,1,69,89
52.8,16500000,5,5,1,1,10,90
41.3,10700000,8,12,1,1,43,91
34.5,11490000,6,16,1,1,54,38
35.0,11000000,8,12,1,1,70,47
34.9,10700000,5,9,1,1,66,80
30.1,13000000,4,8,1,1,60,69
32.4,10999000,4,9,1,1,46,88
35.0,13500000,1,12,1,1,71,92
30.5,10990000,1,5,1,1,11,59
34.2,11800000,6,14,1,1,2,2
38.8,11000000,7,17,1,1,72,93
39.2,19640000,10,12,1,1,73,94
52.5,13650000,2,22,1,1,74,95
40.0,15700000,5,16,1,1,41,96
33.0,12990000,4,9,1,1,41,96
31.8,11900000,5,8,1,1,31,97
31.0,12900000,8,9,1,1,18,98
35.0,11800000,14,15,1,1,10,99
38.1,13400000,7,15,1,1,22,100
38.0,11799999,15,17,1,1,4,101
38.4,9990000,9,22,1,1,4,5
31.3,10400000,5,9,1,1,75,102
32.6,8000000,8,9,1,1,63,47
39.0,13600000,11,16,1,1,41,49
34.8,9300000,8,9,1,1,70,103
41.0,12900000,18,24,1,1,2,2
36.5,9499999,6,18,1,1,19,42
31.8,8500000,15,16,1,1,58,73
33.0,9600000,1,9,1,1,47,55
34.0,8200000,7,14,1,1,76,65
37.8,9900000,14,17,1,1,58,73
33.0,9900000,4,5,1,1,75,102
19.7,8500000,10,22,1,1,59,74
36.0,15200000,5,9,1,1,39,104
35.0,10900000,3,24,1,1,77,105
41.0,12800000,10,17,1,1,9,10
37.0,15400000,12,19,1,1,6,7
36.0,8500000,11,16,1,1,58,106
33.0,6999999,4,9,1,1,78,65
38.1,12400000,10,22,1,1,57,107
40.0,11700000,16,17,1,1,48,56
29.9,9500000,1,5,1,1,39,108
37.0,29300000,6,23,1,1,42,58
32.9,9400000,2,9,1,1,53,67
34.9,13000000,9,12,1,1,8,9
32.1,9600000,7,9,1,1,71,109
35.0,8500000,8,12,1,1,79,30
42.9,17200000,2,23,1,1,32,37
35.0,11990000,2,12,1,1,68,110
51.7,13500000,1,5,1,1,10,90
32.0,16700000,6,9,1,1,80,111
38.7,13500000,2,25,1,1,81,57
36.0,9500000,9,12,1,1,5,6
38.0,15500000,11,17,1,1,60,69
36.0,9800000,9,9,1,1,35,43
38.5,25400000,5,20,1,1,3,18
32.9,9100000,7,9,1,1,82,112
44.1,21000000,10,24,1,1,61,40
40.0,11750000,7,14,1,1,19,42
42.0,11500000,3,16,1,1,83,110
39.4,11590000,14,14,1,1,83,1
40.0,12900000,15,16,1,1,84,12
47.7,13950000,5,17,1,1,85,59
35.2,23800000,6,20,1,1,3,18
38.0,20100000,6,13,1,1,20,57
39.0,14990000,9,12,1,1,37,46
38.65,20000000,7,22,1,1,86,109
48.5,16490000,11,22,1,1,47,113
29.0,11600000,2,5,1,1,87,114
34.7,17499000,16,23,1,1,50,60
59.1,24900000,5,8,1,1,68,110
29.9,12800000,2,8,1,1,3,3
29.8,10000000,6,9,1,1,67,90
31.1,12900000,8,10,1,1,30,115
36.0,21000000,1,14,1,1,8,9
42.0,18000000,3,15,1,1,67,85
37.4,18000000,15,19,1,1,41,81
48.9,18400000,8,24,1,1,88,116
39.0,18499000,3,12,1,1,3,117
37.0,22000000,18,21,1,1,42,58
35.2,22000000,4,9,1,1,3,26
40.9,24250000,15,29,1,1,32,41
42.2,26500000,3,20,1,1,3,18
47.0,27300000,6,24,1,1,59,74
42.1,29900000,9,21,1,1,8,118
13.3,4287787,2,6,1,1,25,30
20.5,4270000,1,22,1,1,59,74
37.6,15100000,6,15,1,1,72,119
38.0,7600000,12,16,1,1,49,42
45.5,18300000,4,12,1,1,32,37
23.0,19000000,2,20,1,1,21,75
32.8,8490000,1,9,1,1,14,16
41.0,21500000,2,5,1,1,32,120
33.0,9990000,6,9,1,1,63,47
46.9,23170000,17,20,1,1,3,18
34.0,15200000,5,12,1,1,8,9
22.54,6500000,11,25,1,1,59,121
33.0,14800000,4,9,1,1,33,38
35.1,15000000,10,12,1,1,89,122
19.5,4150000,1,22,1,1,59,74
36.0,19800000,7,10,1,1,90,123
30.0,8300000,1,9,1,1,41,96
31.4,12800000,7,8,1,1,44,4
37.4,10800000,8,16,1,1,57,107
30.6,13000000,3,5,1,1,61,40
36.8,20000000,9,12,1,1,73,124
20.1,8700000,3,9,1,1,47,55
34.0,10500000,2,9,1,1,88,93
38.2,9000000,10,17,1,1,91,125
30.0,12400000,2,12,1,1,1,126
35.0,14500000,17,25,1,1,22,23
30.0,9800000,1,8,1,1,60,69
55.9,28000000,15,17,1,1,37,46
35.0,18250000,8,9,1,1,73,94
38.3,10200000,1,12,1,1,11,13
38.2,18400000,12,22,1,1,69,127
36.0,9300000,9,12,1,1,5,6
36.0,12983000,4,12,1,1,92,128
39.8,14000000,5,24,1,1,61,40
46.7,10250000,17,17,1,1,52,65
32.9,9499000,1,4,1,1,10,11
32.8,8300000,9,9,1,1,93,129
39.6,11200000,8,17,1,1,58,73
32.8,13500000,3,5,1,1,69,89
35.0,8999000,5,5,1,1,65,130
32.5,10200000,8,9,1,1,94,38
36.6,14500000,12,17,1,1,95,131
35.5,8990000,3,9,1,1,5,86
38.0,10200000,7,14,1,1,82,132
32.3,9750000,1,9,1,1,35,43
35.0,9990000,4,14,1,1,55,70
38.0,16500000,7,17,1,1,95,131
33.0,6950000,4,9,1,1,78,65
32.8,11499999,7,12,1,1,37,133
35.0,10990000,5,19,1,1,27,32
37.4,11000000,3,16,1,1,84,12
36.0,11190000,9,9,1,1,45,53
36.0,11499000,9,9,1,1,37,134
37.8,11600000,6,12,1,1,15,42
40.2,11599000,11,25,1,1,48,70
39.0,11900000,9,12,1,1,84,12
37.0,12000000,10,22,1,1,14,16
38.0,10500000,17,17,1,1,48,70
26.3,13250000,3,13,1,1,89,135
36.8,14000000,1,6,1,1,96,136
41.3,20500000,16,25,1,1,47,55
40.0,14990000,3,19,1,1,6,7
40.4,22700000,2,6,1,1,3,18
36.2,14300000,16,16,1,1,96,137
47.0,31600000,15,29,1,1,3,4
42.9,17099000,2,23,1,1,32,37
34.9,9550000,6,16,1,1,63,47
36.0,9950000,3,9,1,1,79,30
37.0,15799999,10,16,1,1,97,138
33.8,23300000,18,26,1,1,62,139
35.0,10499000,8,12,1,1,29,43
34.1,17990000,2,15,1,1,73,140
31.8,9500000,15,16,1,1,58,73
30.0,7100000,2,6,1,1,2,83
34.5,14100000,10,22,1,1,43,51
33.1,8300000,1,9,1,1,67,85
31.4,9250000,1,5,1,1,11,13
41.0,11350000,5,20,1,1,27,32
34.9,10500000,5,9,1,1,66,80
52.0,27000000,13,15,1,1,1,84
37.4,9300000,5,9,1,1,77,141
31.3,10300000,5,9,1,1,75,102
38.2,9700000,7,17,1,1,64,78
34.5,11400000,6,16,1,1,54,38
30.0,10900000,1,8,1,1,97,138
36.3,17400000,17,29,1,1,66,142
38.7,12100000,9,24,1,1,4,101
41.1,16900000,17,18,1,1,47,64
17.0,7890000,1,5,1,1,89,143
34.9,10900000,6,12,1,1,6,7
34.4,7950000,6,8,1,1,45,70
35.5,9350000,4,12,1,1,75,102
31.8,9700000,3,5,1,1,23,28
30.3,8300000,4,18,1,1,1,1
41.3,11999999,9,17,1,1,64,78
40.0,15727550,16,16,1,1,13,15
36.0,8300000,11,16,1,1,58,106
34.7,9200000,7,14,1,1,83,10
34.7,9200000,2,9,1,1,43,91
25.0,8490000,1,14,1,1,65,144
28.0,12890000,17,19,1,1,80,23
32.6,8790000,3,9,1,1,53,67
40.0,11490000,16,18,1,1,27,145
30.3,11700000,1,5,1,1,92,128
35.8,8950000,5,12,1,1,15,146
38.4,10993555,3,17,1,1,46,88
35.1,9800000,2,9,1,1,35,43
34.3,11000000,4,19,1,1,64,78
36.0,9890000,10,12,1,1,17,143
41.3,11314272,12,25,1,1,58,73
32.6,9850000,4,9,1,1,14,16
36.2,9950000,2,17,1,1,27,147
42.2,11500000,3,16,1,1,83,10
39.6,11600000,16,18,1,1,27,32
33.0,9950000,3,9,1,1,84,12
40.5,11900000,8,10,1,1,67,85
43.0,25000000,8,21,1,1,43,51
31.2,19500000,10,25,1,1,39,148
34.4,13900000,4,12,1,1,68,110
39.0,32000000,6,21,1,1,22,27
31.9,10000000,3,5,1,1,25,30
44.0,13000000,8,25,1,1,10,99
37.0,36000000,4,4,1,1,98,149
32.0,9950000,6,9,1,1,53,67
44.3,35300000,9,21,1,1,32,120
36.9,22300000,13,13,1,1,30,35
48.5,19990000,14,24,1,1,88,116
32.6,15700000,8,9,1,1,94,38
34.4,8000000,12,16,1,1,49,2
32.6,9500000,3,9,1,1,14,16
33.0,9500000,4,5,1,1,85,59
27.0,11990000,12,16,1,1,13,15
33.6,8900000,8,9,1,1,67,85
31.0,10000000,3,5,1,1,25,30
37.9,10500000,3,22,1,1,45,141
38.4,14000000,15,16,1,1,41,81
36.3,10496388,17,25,1,1,58,73
40.0,10600000,11,12,1,1,2,2
41.5,27699000,13,16,1,1,3,26
39.9,10608395,17,26,1,1,58,73
37.6,13300000,5,16,1,1,59,74
42.9,10700000,17,22,1,1,2,2
35.0,12180000,15,16,1,1,50,150
37.3,11000000,10,16,1,1,14,16
32.1,12500000,3,9,1,1,86,92
30.0,14000000,4,9,1,1,21,75
41.3,11314272,17,25,1,1,58,73
32.0,12800000,5,9,1,1,89,151
36.0,11300000,17,17,1,1,40,48
35.6,11450000,12,14,1,1,99,152
45.0,18800000,10,20,1,1,26,31
25.0,11480000,4,14,1,1,87,104
38.7,13500000,7,9,1,1,99,152
35.1,17800000,5,17,1,1,43,51
37.8,11500000,1,9,1,1,84,12
41.0,13000000,19,24,1,1,19,83
37.9,14800000,1,17,1,1,59,74
38.8,11500000,3,14,1,1,36,153
39.0,22500000,20,22,1,1,32,154
41.5,15700000,18,24,1,1,100,142
30.0,11650000,6,8,1,1,39,104
34.0,15700000,7,26,1,1,62,139
43.1,16342812,9,19,1,1,66,142
30.0,16900000,15,21,1,1,42,58
31.0,12950000,1,5,1,1,101,155
34.4,17000000,5,23,1,1,50,60
35.0,18100000,7,10,1,1,90,123
40.0,18150000,17,17,1,1,102,156
38.0,12500000,14,17,1,1,2,2
32.7,12450000,9,9,1,1,37,134
45.1,23800000,2,24,1,1,41,18
43.1,27000000,18,19,1,1,33,157
46.0,25500000,2,23,1,1,39,104
33.0,13800000,9,9,1,1,22,21
66.6,31302000,2,6,1,1,89,158
43.5,23900000,11,13,1,1,3,3
36.0,14300000,7,22,1,1,103,159
42.0,15700000,8,12,1,1,41,96
35.3,14500000,4,14,1,1,102,160
41.0,14950000,1,30,1,1,66,142
40.5,26600000,10,25,1,1,22,27
32.0,15550000,1,9,1,1,30,115
30.0,17500000,15,23,1,1,42,58
34.1,28098400,5,6,1,1,104,161
32.6,16900000,8,23,1,1,32,41
35.5,21200000,5,14,1,1,50,162
43.0,28950000,8,8,1,1,50,163
36.0,9000000,9,12,1,1,79,164
39.3,17399000,3,12,1,1,69,89
35.2,10450000,12,12,1,1,105,165
34.8,12300000,2,12,1,1,10,166
33.4,11750000,5,9,1,1,62,139
38.9,12990000,9,12,1,1,22,27
34.0,12900000,5,9,1,1,64,78
39.5,14800000,9,17,1,1,60,98
33.1,9700000,5,5,1,1,75,102
34.0,14450000,10,15,1,1,42,50
29.0,13800000,14,17,1,1,68,84
35.5,9750000,10,12,1,1,29,34
32.0,9999000,1,9,1,1,28,167
31.0,10950000,5,5,1,1,10,166
35.0,10700000,9,9,1,1,81,40
33.0,15900000,7,11,1,1,94,3
30.3,16000000,16,24,1,1,100,142
31.4,10800000,5,5,1,1,32,37
30.9,9500000,8,17,1,1,58,73
43.0,10900000,2,9,1,1,63,47
38.0,15200000,7,22,1,1,57,107
47.0,22500000,11,15,1,1,42,50
17.0,10790000,2,5,1,1,32,168
38.0,10700000,11,14,1,1,67,85
32.1,15490000,7,28,1,1,17,169
38.2,11300000,10,17,1,1,2,2
42.2,16100000,5,17,1,1,69,89
35.0,8699000,1,4,1,1,31,170
33.0,9150000,9,19,1,1,58,73
32.7,9150000,6,12,1,1,14,171
45.0,22000000,7,8,1,1,21,41
40.4,22600000,17,30,1,1,44,61
40.0,23000000,2,20,1,1,3,26
42.2,23500000,2,29,1,1,50,60
28.8,13700000,3,5,1,1,73,172
36.0,12000000,12,19,1,1,86,173
35.0,10800000,14,16,1,1,55,70
33.1,15500000,14,23,1,1,20,57
42.2,19000000,12,14,1,1,24,157
63.0,21800000,6,24,1,1,95,131
36.0,18950000,7,7,1,1,21,25
37.5,18500000,9,29,1,1,30,174
37.0,13400000,13,14,1,1,51,119
26.0,10550000,4,4,1,1,102,156
37.6,11400000,12,17,1,1,58,73
33.0,12300000,7,9,1,1,37,134
34.0,9200000,5,9,1,1,45,53
31.3,8900000,3,9,1,1,35,43
38.0,12100000,11,17,1,1,15,146
35.2,10700000,7,9,1,1,77,105
38.1,11350000,2,14,1,1,106,175
40.0,22000000,5,9,1,1,104,176
33.0,10390000,4,12,1,1,46,54
33.0,12200000,1,10,1,1,87,104
40.0,10900000,7,24,1,1,107,177
38.2,12750000,15,17,1,1,2,2
38.4,11450000,9,12,1,1,82,178
32.0,9000000,10,12,1,1,83,70
30.0,14800000,4,8,1,1,33,69
33.0,13000000,8,9,1,1,89,135
32.9,15500000,6,9,1,1,42,179
34.8,6300000,12,17,1,2,108,180
30.5,5450000,3,5,1,2,109,181
42.9,9750000,2,25,1,2,110,182
31.2,8100000,7,8,1,2,102,181
25.4,4790000,9,9,1,2,109,29
31.3,8200000,4,9,1,2,111,183
31.2,5350000,2,9,1,2,102,181
33.0,4800000,6,9,1,2,112,184
48.5,14800000,16,22,1,2,113,185
34.7,8500000,3,5,1,2,114,186
32.1,6300000,7,9,1,2,108,89
35.0,6699999,11,15,1,2,110,187
35.6,7500000,9,16,1,2,108,188
40.9,8000000,1,10,1,2,113,189
57.4,9800000,3,4,1,2,114,186
40.0,7900000,6,12,1,2,108,180
45.0,25900000,3,9,1,2,115,118
33.4,6000000,9,9,1,2,110,187
38.0,2900000,2,3,1,2,102,181
36.0,7990000,9,16,1,2,111,190
56.2,35000000,5,10,1,2,115,191
36.0,7800000,12,19,1,2,112,135
52.1,9900000,3,4,1,2,116,161
36.0,6900000,8,25,1,2,102,192
31.5,6200000,1,9,1,2,114,193
40.7,11458075,4,4,1,2,117,194
38.1,13290000,4,13,1,2,117,195
52.0,13900000,2,15,1,2,112,196
46.1,15899000,3,5,1,2,118,188
41.2,17474980,3,4,1,2,119,197
22.6,4500000,9,9,1,2,109,181
30.8,5250000,5,5,1,2,111,190
30.0,5300000,1,9,1,2,117,195
29.2,5500000,6,9,1,2,112,196
43.0,5900000,2,9,1,2,114,193
32.6,8400000,3,23,1,2,112,196
29.0,8610000,4,4,1,2,108,89
39.9,11085318,3,4,1,2,117,194
33.8,12500000,5,10,1,2,110,182
45.0,13350000,2,4,1,2,119,198
47.3,13600000,9,11,1,2,120,199
56.0,15500000,3,15,1,2,108,200
52.4,18750000,9,25,1,2,108,188
51.1,20440000,2,3,1,2,116,201
53.6,21440000,1,3,1,2,116,201
50.8,27950000,3,9,1,2,115,191
36.4,4890000,1,6,1,2,114,193
38.6,6200000,2,12,1,2,112,184
41.0,7440000,9,10,1,2,108,200
25.0,5090000,6,8,1,2,109,29
32.0,9600000,6,12,1,2,121,202
32.5,4950000,2,10,1,2,117,186
31.0,4770000,5,5,1,2,112,135
31.7,3500000,1,5,1,2,122,184
34.0,5200000,10,13,1,2,112,203
45.4,3900000,6,6,1,2,114,186
35.6,4890000,11,23,1,2,113,204
32.5,4700000,20,23,1,2,113,183
31.0,5800000,2,9,1,2,102,181
34.0,5990000,2,25,1,2,113,204
33.9,5900000,2,9,1,2,110,183
31.6,6000000,3,5,1,2,121,205
32.7,6050000,1,9,1,2,121,202
43.2,6000000,1,5,1,2,114,193
30.2,6100000,5,5,1,2,121,206
32.8,6280000,4,5,1,2,114,186
31.0,6700000,1,5,1,2,110,182
37.7,6700000,18,22,1,2,114,205
33.64,6800000,5,10,1,2,108,180
34.3,6800000,1,25,1,2,111,207
38.8,6800000,15,16,1,2,110,208
32.2,6900000,2,4,1,2,121,205
31.0,6990000,9,9,1,2,111,157
31.9,6990000,3,5,1,2,109,209
34.2,7000000,8,9,1,2,113,189
35.0,7200000,5,14,1,2,108,180
38.2,7300000,7,10,1,2,102,29
33.2,7350000,5,9,1,2,102,181
37.6,7500000,4,12,1,2,114,186
38.5,7500000,6,12,1,2,108,208
43.6,7500000,7,17,1,2,113,185
33.6,7700000,20,27,1,2,110,210
35.0,7827000,8,17,1,2,108,180
35.7,7799000,1,5,1,2,119,211
26.2,4450000,1,9,1,2,109,181
31.8,4950000,8,9,1,2,102,181
40.9,8000000,1,10,1,2,110,182
41.6,8300000,1,25,1,2,121,205
36.7,8800000,9,17,1,2,110,187
31.5,5000000,18,23,1,2,114,186
33.9,7999000,2,12,1,2,121,206
35.72,4990000,1,19,1,2,117,212
30.3,4900000,2,5,1,2,112,213
39.0,14000000,2,10,1,2,120,214
41.8,8050000,4,17,1,2,112,189
31.0,4900000,6,9,1,2,113,215
42.0,12900000,1,10,1,2,108,182
32.4,6100000,10,15,1,2,110,187
44.7,11720000,5,6,1,2,121,216
28.9,5000000,9,9,1,2,117,212
41.0,8300000,3,5,1,2,110,89
29.0,5150000,2,9,1,2,117,212
33.1,4490000,3,12,1,2,114,193
58.1,22000000,3,8,1,2,120,215
31.4,5000000,1,5,1,2,121,206
32.4,5300000,5,6,1,2,114,193
24.6,5750000,11,25,1,2,108,180
31.0,4800000,4,9,1,2,109,181
32.25,8200000,16,24,1,2,108,180
38.1,9200000,8,10,1,2,116,217
32.0,4850000,7,9,1,2,102,29
31.3,4450000,1,5,1,2,110,187
34.0,8200000,17,23,1,2,113,185
41.5,11899000,4,14,1,2,121,202
31.5,6700000,2,5,1,2,117,212
54.48,21000000,3,5,1,2,118,188
42.4,10490000,10,24,1,2,109,29
29.0,4750000,1,9,1,2,112,196
32.6,4299000,2,5,1,2,112,213
31.3,5350000,1,5,1,2,121,206
31.0,4999000,1,5,1,2,117,212
37.9,8890000,7,14,1,2,112,215
38.9,9000000,9,9,1,2,116,217
38.5,9500000,10,16,1,2,116,217
39.3,9800000,4,5,1,2,113,185
37.6,9900000,7,16,1,2,108,180
36.0,10400000,7,17,1,2,111,190
45.4,7199000,12,17,1,2,102,181
32.2,11300000,2,13,1,2,110,207
28.3,5500000,2,9,1,2,117,218
31.0,4660000,4,9,1,2,113,185
43.6,11990000,5,6,1,2,121,216
34.9,12850000,7,12,1,2,121,219
50.0,14000000,12,18,1,2,116,217
31.2,4900000,1,5,1,2,121,202
45.0,14400000,9,19,1,2,116,217
30.9,5200000,1,5,1,2,111,157
44.3,15990000,4,7,1,2,116,217
46.0,13700000,4,12,1,2,108,207
40.1,5950000,11,13,1,2,114,193
48.0,14980000,6,15,1,2,113,185
37.4,10499800,8,25,1,2,121,205
74.4,35900000,10,11,1,2,115,118
59.4,34990000,6,8,1,2,115,220
30.8,6250000,3,5,1,2,121,205
37.6,13900000,5,15,1,2,116,217
57.3,32000000,4,8,1,2,115,220
43.0,6450000,12,12,1,2,122,193
53.2,27900000,3,8,1,2,115,191
29.0,6900000,3,9,1,2,108,89
38.8,9900000,6,12,1,2,108,188
33.0,6666000,6,25,1,2,108,180
36.7,7200000,7,10,1,2,121,205
38.6,7200000,13,27,1,2,110,210
36.1,6800000,11,13,1,2,102,181
41.0,11500000,13,13,1,2,108,207
40.4,8500000,15,16,1,2,111,207
30.9,6830000,6,9,1,2,111,190
36.2,11800000,3,14,1,2,108,200
35.6,8290000,8,17,1,2,111,221
30.0,6950000,1,5,1,2,108,200
48.0,20600000,3,10,1,2,113,221
53.5,13600000,4,24,1,2,111,157
39.8,14370000,8,10,1,2,109,222
32.0,5386500,6,9,1,2,113,185
25.6,5000000,8,9,1,2,109,181
30.6,5900000,5,5,1,2,112,213
29.1,6100000,4,9,1,2,117,212
35.0,6100000,9,9,1,2,110,208
37.7,6500000,1,12,1,2,102,29
35.2,5100000,14,15,1,2,102,29
38.0,6968490,7,9,1,2,113,185
36.0,7300000,20,27,1,2,110,210
35.0,7590000,14,25,1,2,108,180
35.0,7400000,5,6,1,2,108,188
38.0,7999000,11,12,1,2,108,187
38.5,9500000,4,9,1,2,116,217
37.2,9600000,14,25,1,2,102,29
40.4,9899999,4,19,1,2,111,190
40.5,9900000,4,25,1,2,102,29
39.0,9950000,11,12,1,2,116,217
29.4,5680000,4,5,1,2,111,183
50.0,10400000,3,18,1,2,116,217
37.5,10449800,6,25,1,2,121,205
43.0,11500000,10,11,1,2,108,200
38.3,8500000,14,25,1,2,110,210
48.1,11750000,10,25,1,2,121,186
34.0,12450000,6,13,1,2,108,188
46.0,14794700,11,11,1,2,121,205
29.0,7000000,2,9,1,2,108,89
36.0,15400000,4,14,1,2,108,207
43.5,15500000,3,10,1,2,116,217
36.5,12300000,13,16,1,2,108,223
31.7,5500000,3,16,1,2,102,29
37.5,4600000,9,10,1,2,114,193
40.2,5250000,2,10,1,2,114,193
36.0,5490000,5,5,1,2,114,186
31.5,5650000,5,18,1,2,113,185
27.5,5690000,10,12,1,2,102,181
35.6,5990000,1,5,1,2,121,205
30.5,6300000,3,4,1,2,114,186
40.7,10290000,5,6,1,2,117,224
29.3,5000000,3,9,1,2,112,196
33.5,6999000,1,21,1,2,108,180
30.3,5250000,2,9,1,2,113,185
29.4,3900000,1,9,1,2,122,193
35.8,7250000,10,12,1,2,109,181
35.8,7250000,2,13,1,2,102,181
28.3,3990000,6,7,1,2,114,193
39.93,7490000,7,26,1,2,108,187
35.0,7450000,3,25,1,2,112,184
38.5,7650000,5,9,1,2,110,187
35.0,7999000,17,24,1,2,108,180
28.0,8000000,2,12,1,2,110,208
32.8,5200000,1,9,1,2,109,181
43.8,8900000,12,17,1,2,111,207
34.0,9050000,6,12,1,2,108,180
32.4,5000000,1,9,1,2,102,181
41.0,21000000,3,8,1,2,115,191
41.5,14250000,19,21,1,2,118,188
33.8,4700000,4,5,1,2,110,187
31.0,9200000,1,6,1,2,120,225
44.9,10999999,10,15,1,2,112,196
48.9,17399000,14,17,1,2,121,206
36.1,9600000,11,26,1,2,111,207
50.0,13299000,5,5,1,2,120,226
42.8,13350000,6,9,1,2,118,188
48.8,7900000,4,6,1,2,114,186
36.9,4900000,2,5,1,2,102,181
40.7,10990000,9,16,1,2,112,196
31.3,5150000,5,9,1,2,112,196
29.8,4970000,4,5,1,2,118,187
41.3,13900000,9,13,1,2,111,190
31.0,5050000,3,5,1,2,121,205
36.07,13800000,8,9,1,2,112,227
45.09,14300000,2,9,1,2,110,190
45.6,14800000,5,14,1,2,108,200
33.6,5800000,11,23,1,2,113,204
38.0,17300000,2,9,1,2,120,214
43.0,19550000,8,10,1,2,121,228
29.0,5800000,8,9,1,2,112,213
46.8,19990000,3,8,1,2,115,220
42.1,20490000,3,6,1,2,115,220
34.4,5900000,3,4,1,2,114,193
35.7,22500000,7,9,1,2,115,191
43.0,25000000,1,2,1,2,115,223
30.7,5900000,5,5,1,2,108,89
33.1,6100000,2,6,1,2,102,29
38.0,6330000,18,18,1,2,113,204
37.7,6390000,14,14,1,2,112,196
36.1,6450000,18,25,1,2,114,186
32.2,6450000,5,12,1,2,102,181
30.7,6700000,4,9,1,2,113,215
36.8,6750000,8,14,1,2,112,196
37.2,6700000,1,5,1,2,110,89
35.5,6850000,11,24,1,2,114,186
33.0,6800000,5,5,1,2,121,205
38.5,6800000,2,18,1,2,110,210
30.0,6990000,5,6,1,2,114,186
39.9,6950000,1,9,1,2,118,187
38.4,7000000,6,12,1,2,113,185
35.0,7000000,15,17,1,2,108,180
32.0,7050000,8,9,1,2,109,29
38.0,7100000,2,10,1,2,112,196
32.4,7200000,8,24,1,2,108,180
37.0,7150000,2,6,1,2,117,224
41.7,7300000,1,5,1,2,108,188
34.4,7300000,4,23,1,2,108,180
41.4,7300000,8,11,1,2,114,186
31.0,7300000,5,9,1,2,112,196
33.9,7300000,2,4,1,2,114,186
36.1,7500000,2,6,1,2,114,186
40.8,7400000,8,17,1,2,109,192
30.3,7600000,8,13,1,2,108,180
34.3,7800000,2,13,1,2,108,188
30.8,7700000,3,10,1,2,108,180
38.2,7990000,11,12,1,2,112,184
38.0,7900000,13,15,1,2,108,89
31.4,7800000,3,24,1,2,108,180
33.2,7999000,2,4,1,2,102,181
32.2,7995000,7,15,1,2,121,205
30.7,5149000,5,9,1,2,111,157
32.4,8250000,3,25,1,2,111,183
30.6,5350000,9,9,1,2,109,181
38.8,8300000,12,12,1,2,108,180
33.7,6897000,2,9,1,2,112,196
40.1,5000000,1,6,1,2,114,193
32.1,6100000,1,12,1,2,113,185
32.2,5100000,2,9,1,2,102,181
41.0,6798000,10,23,1,2,114,186
37.9,6840000,4,5,1,2,122,184
34.1,5190000,9,9,1,2,112,135
38.2,9800000,3,10,1,2,108,182
31.0,4800000,5,5,1,2,111,157
38.3,5850000,11,22,1,2,113,204
30.0,6200000,4,5,1,2,121,205
30.7,4500000,1,5,1,2,109,181
34.3,7200000,6,8,1,2,118,210
29.4,5500000,5,5,1,2,121,206
30.0,6000000,9,16,1,2,113,204
30.2,5100000,7,9,1,2,110,187
30.3,6600000,2,9,1,2,111,157
35.1,5449000,7,9,1,2,122,193
38.3,9800000,4,13,1,2,116,217
45.96,9100000,2,5,1,2,121,205
31.0,3750000,1,5,1,2,118,187
39.2,8250790,11,19,1,2,108,180
39.62,12000000,14,14,1,2,108,207
30.0,8400000,1,4,1,2,110,182
43.6,11000000,18,19,1,2,116,217
32.0,4400000,8,16,1,2,122,193
43.5,11900000,3,17,1,2,121,206
42.0,8700000,12,12,1,2,109,29
30.0,5170000,1,5,1,2,117,218
38.7,10999000,3,5,1,2,119,229
30.8,4900000,5,5,1,2,102,181
44.6,14700000,12,18,1,2,108,188
30.6,5400000,15,23,1,2,112,213
33.0,5090000,9,9,1,2,109,181
38.0,8850000,17,22,1,2,113,185
49.0,17800000,6,12,1,2,113,215
36.6,11500000,11,24,1,2,121,206
36.4,5000000,11,23,1,2,113,204
46.3,14250000,4,7,1,2,116,217
64.5,20000000,16,24,1,2,108,89
43.7,11300000,1,18,1,2,108,182
48.4,21400000,2,7,1,2,108,200
44.0,22299200,8,9,1,2,120,214
38.7,12090000,6,11,1,2,121,202
45.0,25990000,3,7,1,2,115,191
45.0,12400000,13,23,1,2,121,205
51.0,12800000,1,22,1,2,112,196
42.0,13000000,20,23,1,2,121,205
32.5,14200000,3,10,1,2,110,182
45.6,15990000,8,26,1,2,110,208
45.0,16500000,12,18,1,2,121,216
44.4,16500000,11,16,1,2,113,215
47.0,17000000,6,6,1,2,110,89
43.0,22000000,5,10,1,2,115,118
51.0,23000000,2,10,1,2,113,221
33.0,3900000,1,2,1,2,102,181
31.5,3990000,3,3,1,2,122,193
40.0,9800000,15,24,1,2,111,207
35.0,4900000,1,5,1,2,102,181
32.1,4527270,4,9,1,2,102,29
31.5,8250000,14,20,1,2,116,217
40.3,9250000,7,8,1,2,122,193
29.9,4040000,1,9,1,2,122,193
49.3,9390000,16,16,1,2,112,184
30.7,4850000,5,5,1,2,109,181
40.0,14000000,5,7,1,2,116,217
38.9,5700000,2,25,1,2,114,186
32.6,5250000,3,12,1,2,113,189
35.83,9400000,7,12,1,2,108,180
30.0,4900000,1,3,1,2,123,29
39.0,8170000,15,15,1,2,108,180
51.8,13900000,17,20,1,2,108,180
47.1,12250000,11,14,1,2,116,217
29.8,4500000,4,4,1,2,114,186
41.0,13380000,13,22,1,2,102,29
31.1,9250000,4,17,1,2,116,217
31.4,5170000,1,5,1,2,121,206
39.1,5380000,5,9,1,2,114,193
31.0,5700000,4,9,1,2,113,185
39.0,11000000,7,23,1,2,112,135
32.8,4750000,1,5,1,2,118,208
31.5,4450000,5,5,1,2,122,184
37.1,8600000,10,14,1,2,108,180
29.2,5200000,4,5,1,2,113,190
37.4,9400000,1,5,1,2,119,198
30.4,5000000,8,13,1,2,122,184
30.5,4650000,1,5,1,2,112,203
34.8,7900000,20,20,1,2,108,180
34.0,9400000,6,12,1,2,121,205
37.7,18850000,8,9,1,2,120,214
38.6,4560000,5,5,1,2,113,185
41.8,9750000,5,17,1,2,117,212
35.0,4300000,5,13,1,2,114,193
38.6,4190000,5,9,1,2,114,193
30.8,4700000,20,23,1,2,113,204
28.9,4990000,4,5,1,2,114,186
35.6,5000000,4,6,1,2,114,193
30.0,5000000,3,4,1,2,102,181
32.1,4200000,5,5,1,2,114,193
30.9,4590000,4,5,1,2,114,186
30.9,4920000,3,5,1,2,114,193
30.8,5200000,5,9,1,2,113,185
32.1,4300000,4,5,1,2,102,181
33.0,4250000,10,10,1,2,114,193
30.9,4700000,2,9,1,2,114,193
32.0,4800000,8,9,1,2,122,193
30.2,4290000,3,4,1,2,102,181
33.6,5250000,6,10,1,2,112,213
37.0,4280000,1,9,1,2,114,193
35.6,4900000,4,11,1,2,114,193
32.4,4760000,5,25,1,2,113,204
38.3,4300000,8,10,1,2,114,193
35.0,18200000,9,29,1,1,16,20
21.0,7950000,6,9,1,1,124,56
37.0,13000000,8,9,1,1,50,230
21.0,7499000,7,9,1,1,125,142
38.5,21150000,2,25,1,1,50,60
35.2,9300000,7,12,1,1,91,231
31.9,11500000,8,9,1,1,31,170
34.5,16200000,19,20,1,1,14,130
41.9,8900000,2,17,1,1,107,177
53.3,20900000,6,6,1,1,42,232
40.0,23900000,15,21,1,1,42,58
35.0,8300000,1,9,1,1,103,233
31.3,11200000,2,5,1,1,99,152
45.0,18999999,2,20,1,1,26,31
39.1,10500000,11,18,1,1,20,68
37.4,11800000,2,16,1,1,61,24
34.3,9500000,5,9,1,1,77,141
39.0,8990000,2,14,1,1,4,101
38.2,23000000,17,20,1,1,16,20
42.7,26500000,13,13,1,1,30,35
35.1,9500000,6,12,1,1,79,30
34.5,11000000,6,16,1,1,54,38
27.7,8300000,6,10,1,1,5,234
34.7,16600000,6,29,1,1,66,142
32.7,14700000,5,9,1,1,22,98
19.7,7500000,10,22,1,1,59,74
32.4,8200000,1,9,1,1,103,231
27.0,8500000,7,9,1,1,46,116
40.0,12300000,16,25,1,1,30,115
30.3,25900000,5,12,1,1,126,235
35.3,8790000,5,12,1,1,5,234
35.0,12300000,12,14,1,1,31,36
42.9,14990000,11,19,1,1,81,57
30.0,12900000,2,5,1,1,92,68
21.0,8700000,3,9,1,1,47,55
47.0,26000000,7,26,1,1,43,51
31.9,12200000,6,9,1,1,31,170
47.0,26000000,8,26,1,1,43,51
38.7,13350000,2,25,1,1,81,57
31.0,5800000,2,9,1,1,45,53
35.0,25800000,8,9,1,1,104,236
38.0,17000000,11,17,1,1,127,237
37.0,15500000,4,5,1,1,10,166
28.0,15900000,3,8,1,1,8,9
33.3,12900000,3,5,1,1,8,9
45.0,25700000,2,13,1,1,32,120
31.4,10900000,7,25,1,1,10,99
46.0,24990000,7,25,1,1,43,238
36.0,11250000,16,24,1,1,91,125
42.9,17900000,5,12,1,1,62,139
35.0,13500000,14,21,1,1,101,128
30.6,14650000,5,5,1,1,1,126
37.2,23000000,19,29,1,1,65,239
51.0,15880000,11,12,1,1,124,56
40.0,16480000,3,7,1,1,89,143
37.7,12800000,3,17,1,1,81,240
34.0,18500000,5,9,1,1,104,228
26.7,10800000,1,9,1,1,50,230
31.8,11800000,5,8,1,1,31,97
32.8,11249999,7,12,1,1,37,133
45.3,19500000,3,8,1,1,18,23
32.7,12900000,3,9,1,1,84,12
45.0,10990000,2,20,1,1,27,87
32.0,10900000,9,9,1,1,14,16
38.0,12100000,13,17,1,1,15,146
35.0,9990000,2,16,1,1,128,241
35.7,9750000,3,12,1,1,5,234
35.2,12350000,8,9,1,1,101,229
40.1,12200000,11,14,1,1,28,167
27.1,9000000,1,12,1,1,28,32
36.9,12600000,9,14,1,1,18,69
39.0,12500000,10,17,1,1,9,10
37.9,12500000,14,16,1,1,14,53
41.0,16749000,11,16,1,1,39,179
43.0,26000000,8,21,1,1,43,51
38.0,18300000,6,13,1,1,20,57
40.0,13500000,2,23,1,1,81,57
31.3,12490000,9,18,1,1,1,1
52.0,15900000,5,5,1,1,101,155
40.3,25000000,18,30,1,1,86,173
30.0,12350000,2,5,1,1,42,58
30.9,10490000,6,9,1,1,62,49
38.0,10400000,16,17,1,1,57,107
38.0,13800000,12,14,1,1,55,70
39.7,11299999,10,12,1,1,2,242
34.8,8800000,8,9,1,1,70,103
35.5,10800000,14,16,1,1,77,141
32.9,11000000,1,9,1,1,6,100
43.0,12800000,12,14,1,1,129,10
37.8,11800000,9,17,1,1,91,125
30.0,12000000,8,9,1,1,3,135
36.1,11700000,12,16,1,1,29,34
44.0,16495000,14,24,1,1,17,169
41.1,13590000,13,15,1,1,54,69
40.4,28950000,5,10,1,1,126,243
32.9,11500000,2,12,1,1,30,115
40.0,14500000,2,16,1,1,54,244
38.2,13890000,11,22,1,1,4,101
39.4,8980000,1,14,1,1,19,42
38.0,20500000,14,28,1,1,67,11
34.8,12500000,14,16,1,1,14,16
33.0,9600000,3,9,1,1,127,167
50.0,24950000,6,20,1,1,48,56
32.7,10200000,3,9,1,1,46,116
36.9,13350000,7,17,1,1,37,133
33.0,14500000,3,5,1,1,13,15
29.8,10700000,2,9,1,1,125,136
36.2,23800000,6,20,1,1,3,18
41.3,20800000,12,30,1,1,44,61
42.9,16799000,2,23,1,1,32,37
48.5,15990000,11,22,1,1,47,113
43.7,13950000,10,23,1,1,66,142
40.6,19399000,2,9,1,1,3,26
30.0,9990000,2,5,1,1,75,102
35.8,10000000,11,12,1,1,38,82
32.0,8500000,5,5,1,1,97,245
35.9,13310284,18,22,1,1,83,10
37.9,11499999,16,17,1,1,46,88
43.4,11900000,4,14,1,1,48,70
37.9,10800000,9,14,1,1,5,234
51.0,13600000,15,17,1,2,117,195
64.3,11866900,2,4,1,2,108,188
38.0,2800000,2,3,1,2,102,181
33.3,7200000,1,15,1,2,108,180
34.5,7200000,7,13,1,2,108,180
22.4,4200000,8,9,1,2,109,29
45.5,11500000,3,13,1,2,121,228
42.2,14790000,10,19,1,2,116,217
35.6,7400000,4,15,1,2,111,190
31.8,7200000,1,10,1,2,116,246
42.6,8499000,10,10,1,2,117,212
54.3,14299000,2,16,1,2,108,188
37.1,14474565,2,4,1,2,119,197
41.4,11699000,3,4,1,2,118,188
33.0,9050000,15,15,1,2,116,217
52.5,13000000,11,23,1,2,110,89
33.0,9950000,8,15,1,2,116,217
37.5,7100000,1,25,1,2,111,207
49.9,29900000,3,7,1,2,120,225
30.9,3740000,1,5,1,2,114,206
47.0,13990000,2,3,1,2,123,29
45.0,25800000,3,9,1,2,115,118
45.2,16520600,2,4,1,2,119,197
42.53,11600000,5,19,1,2,121,206
38.5,5050000,3,9,1,2,102,181
32.7,3900000,1,5,1,2,114,193
35.4,8300000,14,24,1,2,102,192
31.5,4700000,5,5,1,2,111,190
41.5,14500000,5,12,1,2,110,182
31.1,11500000,2,11,1,2,117,224
34.4,6900000,1,25,1,2,102,192
33.4,8500000,3,25,1,2,108,180
49.8,18900000,6,6,1,2,115,247
30.4,9500000,15,20,1,2,117,212
30.5,6000000,2,5,1,2,121,206
34.0,6290000,14,29,1,2,112,184
39.3,16669095,4,4,1,2,119,197
31.3,3500000,3,3,1,2,114,186
35.5,9980000,3,13,1,2,121,228
32.8,5995000,1,10,1,2,102,181
37.1,14900000,9,14,1,2,108,207
39.35,11980000,14,14,1,2,108,223
37.4,12500000,2,12,1,2,108,180
46.1,15790000,3,5,1,2,118,188
31.0,4775000,5,5,1,2,112,135
42.0,8499999,5,16,1,2,117,186
31.0,6500000,3,5,1,2,110,182
33.0,7200000,5,9,1,2,118,188
30.5,4500000,1,5,1,2,112,213
36.3,5555000,1,27,1,2,110,210
35.6,8755000,2,15,1,2,121,206
33.8,12350000,5,10,1,2,110,182
26.0,5100000,7,9,1,2,121,29
36.3,8600000,1,4,1,2,119,198
31.0,4655000,4,9,1,2,113,185
49.6,16000000,2,2,1,2,114,186
28.4,6990000,19,24,1,2,108,180
35.5,9000000,6,18,1,2,111,207
36.6,4950000,4,5,1,2,114,186
31.5,11900000,7,12,1,2,116,201
35.0,7777000,11,26,1,2,110,210
38.9,8940000,17,25,1,2,112,196
42.0,13600000,15,24,1,2,112,213
41.0,7700000,10,16,1,2,108,180
38.6,5999999,12,12,1,2,114,193
32.1,5700000,6,9,1,2,108,89
40.4,8990000,4,5,1,2,114,186
41.0,5950000,3,12,1,2,122,184
33.7,6800000,9,14,1,2,108,187
31.0,4750000,4,4,1,2,114,186
36.5,9600000,15,20,1,2,112,227
36.8,6400000,2,9,1,2,112,184
34.6,9500000,14,26,1,2,112,196
35.5,10700000,6,13,1,2,116,217
47.3,13400000,9,11,1,2,120,199
48.1,8780000,7,14,1,2,108,180
34.2,14500000,1,12,1,2,110,207
31.0,6750000,6,9,1,2,111,183
32.8,5100000,1,9,1,2,111,221
53.1,29500000,4,8,1,2,115,191
40.49,18810000,6,8,1,2,115,161
35.7,5300000,2,12,1,2,102,29
42.4,10800000,7,12,1,2,121,186
34.5,8250000,9,18,1,2,110,248
28.3,3790000,6,7,1,2,114,193
45.3,7000000,4,15,1,2,102,29
43.5,14000000,5,5,1,2,120,249
31.4,4800000,5,5,1,2,111,207
48.2,15400000,5,14,1,2,108,207
37.7,6300000,18,22,1,2,114,205
23.8,4800000,2,9,1,2,109,181
42.8,12900000,3,12,1,2,112,189
38.2,7100000,7,10,1,2,102,29
32.6,4600000,9,9,1,2,122,184
33.3,6690000,2,24,1,2,108,180
38.0,7200000,6,12,1,2,102,181
35.8,10850000,4,23,1,2,116,217
30.1,6800000,2,9,1,2,112,196
34.8,6299000,12,17,1,2,108,180
35.1,6650000,2,25,1,2,110,210
53.2,13600000,5,5,1,2,115,247
36.0,5640000,13,19,1,2,113,204
34.0,5100000,10,13,1,2,112,203
29.4,6400000,8,18,1,2,116,217
38.0,7500000,6,10,1,2,117,218
30.1,6990000,3,14,1,2,108,180
31.0,6500000,2,5,1,2,109,209
32.4,5150000,5,6,1,2,114,193
29.4,4850000,1,5,1,2,113,215
32.5,10550000,1,6,1,2,116,246
29.4,5400000,9,9,1,2,112,196
34.0,8000000,17,23,1,2,113,185
36.0,6780000,8,25,1,2,102,192
33.8,7250000,3,16,1,2,108,180
34.2,9495000,3,24,1,2,111,157
31.9,6790000,3,5,1,2,109,209
56.1,28500000,3,3,1,2,116,161
52.1,19490000,3,6,1,2,116,161
35.0,6950000,4,13,1,2,113,204
32.8,5900000,5,15,1,2,113,185
47.3,11790000,8,17,1,2,108,180
34.4,12200000,10,12,1,2,121,202
26.8,5540000,1,13,1,2,113,157
37.0,7100000,8,13,1,2,108,180
31.0,4600000,5,5,1,2,113,185
51.0,18500000,6,11,1,2,113,215
60.7,29900000,10,20,1,2,116,217
31.5,5600000,5,18,1,2,113,185
63.6,13490000,5,5,1,2,120,199
37.1,14799000,17,27,1,2,121,206
39.2,11900000,7,11,1,2,116,217
37.2,10800000,15,16,1,2,111,190
36.0,7000000,7,9,1,2,112,213
38.1,12990000,4,13,1,2,117,195
32.2,9700000,5,10,1,2,119,229
37.0,7395000,9,9,1,2,117,186
53.5,20990000,4,8,1,2,119,229
32.2,7600000,8,24,1,2,108,180
53.6,12000000,13,25,1,2,102,29
39.0,11999000,11,12,1,2,116,217
34.0,5700000,1,9,1,2,112,203
30.8,5700000,1,9,1,2,109,181
31.7,5800000,3,16,1,2,102,29
46.5,8690000,1,7,1,2,108,187
31.3,12900000,7,12,1,2,121,202
46.0,9150000,10,17,1,2,108,180
31.0,6800000,2,17,1,2,108,180
48.0,21555000,5,7,1,2,115,220
36.8,7900000,4,16,1,2,108,180
34.9,6200000,3,5,1,2,114,186
47.6,19300000,4,9,1,2,120,214
40.0,7990000,3,5,1,2,114,186
58.0,26145000,7,8,1,2,115,220
37.2,17777000,4,4,1,2,115,118
37.2,8399000,7,25,1,2,108,187
36.0,8700000,4,11,1,2,112,213
47.2,9000000,1,6,1,2,114,186
47.5,12500000,10,26,1,2,108,180
38.6,6700000,11,13,1,2,112,184
34.7,7950000,7,17,1,2,121,186
34.7,8871818,1,13,1,2,108,180
35.6,6726520,1,11,1,2,114,186
38.4,12000000,1,7,1,2,119,197
62.3,15900000,4,4,1,2,114,186
42.0,14500000,12,18,1,2,108,89
50.0,9750000,1,6,1,2,110,187
32.3,5650000,1,9,1,2,108,89
36.4,8600000,12,16,1,2,111,183
37.4,10399900,8,25,1,2,121,205
36.4,7399000,4,16,1,2,102,29
32.1,4481540,4,9,1,2,102,29
45.8,8990000,7,7,1,2,115,247
39.2,13400000,2,15,1,2,121,228
35.0,6700000,11,12,1,2,102,181
36.38,8400000,18,26,1,2,102,192
38.7,8500000,7,7,1,2,108,187
31.4,4990000,5,5,1,2,112,213
41.9,12400000,11,21,1,2,112,196
32.1,5199000,1,9,1,2,111,207
67.1,26000000,9,9,1,2,116,217
33.1,5000000,5,9,1,2,122,193
74.4,35700000,10,11,1,2,115,118
37.68,7800000,5,15,1,2,121,205
34.5,11900000,5,14,1,2,108,207
35.2,6200000,2,12,1,2,110,187
40.5,11550000,8,21,1,2,112,196
36.9,10800000,15,25,1,2,108,89
33.1,5220000,1,9,1,2,102,181
38.7,14100000,5,12,1,2,121,250
33.93,11300000,5,12,1,2,110,182
29.8,5199999,2,26,1,2,113,204
59.87,34900000,4,8,1,2,115,220
63.8,25314894,4,5,2,1,79,251
79.9,31687000,5,8,2,1,130,148
59.2,20300000,18,19,2,1,46,252
43.1,11200000,4,5,2,1,11,13
52.0,35800000,6,13,2,1,39,14
27.0,5999999,1,7,2,1,44,253
48.0,12600000,7,9,2,1,85,59
44.1,9100000,7,9,2,1,131,30
50.6,10599999,11,12,2,1,49,42
46.1,10800000,8,9,2,1,63,47
57.3,22750000,8,9,2,1,24,254
52.0,14400000,10,12,2,1,84,12
55.0,25500000,2,8,2,1,126,255
56.0,22200000,6,14,2,1,33,157
75.0,35500000,11,26,2,1,30,44
50.2,14000000,5,17,2,1,40,48
53.6,13500000,17,17,2,1,53,256
47.0,18500000,7,9,2,1,22,98
32.0,15990000,4,5,2,1,94,257
39.0,15690000,4,9,2,1,101,229
46.2,12500000,6,12,2,1,132,159
38.9,9800000,10,12,2,1,20,68
38.5,14000000,5,12,2,1,130,172
38.4,10000000,4,12,2,1,75,102
49.2,31000000,12,14,2,1,30,115
50.0,36000000,1,13,2,1,30,258
44.0,14490000,4,5,2,1,32,37
49.5,36000000,1,13,2,1,30,258
49.7,17000000,5,9,2,1,14,16
51.0,22000000,5,5,2,1,33,157
44.1,17450000,3,9,2,1,37,133
75.0,31500000,11,29,2,1,37,46
44.0,11900000,1,24,2,1,88,116
62.0,36500000,20,23,2,1,42,154
42.2,14900000,15,26,2,1,92,128
61.0,31000000,10,20,2,1,71,109
53.2,15500000,4,4,2,1,10,11
46.9,12600000,1,12,2,1,75,102
45.9,14700000,3,5,2,1,67,11
64.1,12600000,17,17,2,1,58,73
37.0,7950000,8,9,2,1,78,65
44.3,10700000,1,5,2,1,29,34
64.7,16922200,9,10,2,1,10,12
60.2,13200000,8,17,2,1,58,73
43.6,12500000,2,5,2,1,92,92
54.0,16490000,15,16,2,1,61,105
48.5,11590000,4,9,2,1,67,11
50.0,10950000,4,12,2,1,82,112
75.7,34500000,4,4,2,1,26,31
40.0,11700000,10,15,2,1,19,42
53.0,22600000,11,21,2,1,101,128
58.0,16450000,6,14,2,1,133,259
44.0,13279000,4,5,2,1,43,64
40.0,13200000,6,9,2,1,79,30
44.4,14900000,2,9,2,1,10,166
61.3,24400000,20,25,2,1,69,90
47.1,10699999,1,9,2,1,82,112
38.2,10700000,1,12,2,1,60,260
73.6,35900000,7,22,2,1,30,35
40.2,14500000,14,22,2,1,17,22
58.0,29960000,10,17,2,1,73,124
54.7,14490000,9,12,2,1,10,11
43.0,15999000,1,9,2,1,69,90
62.4,34000000,5,13,2,1,16,202
44.8,14400000,6,12,2,1,128,261
53.0,16950000,8,14,2,1,19,146
63.5,34000000,1,10,2,1,104,228
44.8,16100000,5,9,2,1,6,7
50.0,30300000,6,7,2,1,126,75
62.7,27000000,18,24,2,1,16,262
57.0,31200000,9,19,2,1,32,37
58.8,24400000,1,5,2,1,89,122
62.65,32000000,10,20,2,1,3,18
45.1,14000000,4,5,2,1,105,260
73.3,32500000,11,21,2,1,47,113
38.9,11600000,4,12,2,1,23,263
38.2,14500000,8,12,2,1,125,136
51.0,21000000,4,17,2,1,42,58
45.8,29900000,6,8,2,1,102,160
52.0,14400000,17,17,2,1,19,42
43.0,15500000,8,9,2,1,125,142
41.0,16990000,14,14,2,1,33,157
45.6,19000000,6,14,2,1,8,9
46.1,12700000,2,5,2,1,43,91
44.5,10999000,9,9,2,1,63,47
58.6,22500000,12,17,2,1,57,107
58.0,11300000,5,17,2,1,58,73
63.0,22500000,4,8,2,1,50,150
34.0,8700000,2,9,2,1,85,59
60.0,19700000,7,9,2,1,9,1
38.7,10800000,2,12,2,1,25,30
42.0,15700000,5,5,2,1,42,264
58.5,15250000,17,17,2,1,79,30
62.9,15600000,2,5,2,1,56,265
50.5,13200000,16,17,2,1,48,70
46.7,15500000,2,12,2,1,47,64
54.5,15000000,3,5,2,1,75,102
47.0,21490000,10,12,2,1,80,111
39.5,16990000,11,12,2,1,54,38
56.0,28450000,15,22,2,1,30,35
39.0,14750000,9,9,2,1,105,260
56.2,15800000,14,19,2,1,20,24
40.0,16490000,8,9,2,1,22,23
37.0,21500000,8,10,2,1,3,18
60.0,15100000,4,20,2,1,27,32
70.0,20500000,19,23,2,1,95,131
43.0,13300000,4,5,2,1,47,64
46.0,11999999,5,5,2,1,12,14
38.0,14000000,9,12,2,1,101,113
53.0,17500000,8,12,2,1,74,28
48.2,6050000,1,9,2,1,78,65
46.3,8500000,7,12,2,1,76,65
44.2,9450000,5,9,2,1,10,131
48.8,15500000,20,22,2,1,20,68
55.0,18900000,2,8,2,1,31,170
43.0,11499999,5,5,2,1,43,91
65.9,34500000,9,24,2,1,127,62
53.0,27000000,18,28,2,1,11,13
53.5,16590000,8,16,2,1,32,37
57.8,14450000,2,22,2,1,2,242
67.23,32000000,8,17,2,1,125,136
44.4,14000000,7,12,2,1,88,116
53.5,18750000,5,5,2,1,12,14
55.0,11400000,5,12,2,1,92,68
44.9,14340000,4,9,2,1,6,7
45.0,17500000,6,12,2,1,88,93
44.2,12000000,1,5,2,1,32,168
60.1,16000000,9,17,2,1,14,53
45.2,23300000,8,24,2,1,32,41
55.1,32500000,6,11,2,1,8,39
43.0,33500000,15,21,2,1,42,232
74.0,33950000,12,25,2,1,30,44
57.0,34500000,6,8,2,1,67,11
44.9,14400000,2,5,2,1,23,28
45.0,24500000,3,5,2,1,9,1
52.6,11500000,6,12,2,1,63,47
46.0,31000000,14,24,2,1,13,15
60.7,21000000,2,19,2,1,89,163
55.3,34800000,11,23,2,1,67,266
43.0,35500000,7,21,2,1,8,118
50.9,13800000,5,16,2,1,34,105
44.1,14150000,5,9,2,1,53,256
38.0,13700000,1,12,2,1,47,64
38.0,10900000,9,9,2,1,79,30
42.8,15000000,5,12,2,1,31,97
59.7,11200000,3,22,2,1,134,65
70.5,31000000,2,23,2,1,50,60
63.0,29900000,14,16,2,1,59,74
50.9,19100000,4,16,2,1,72,119
46.3,8450000,7,12,2,1,76,65
43.0,33333000,15,21,2,1,42,232
85.0,20800000,10,22,2,1,63,47
53.0,26500000,18,28,2,1,11,13
47.7,12900000,12,12,2,1,67,90
43.6,17600000,4,9,2,1,44,52
48.0,12300000,7,9,2,1,85,59
57.5,14900000,10,17,2,1,40,48
62.57,12390000,4,18,2,1,27,32
45.0,14600000,5,12,2,1,47,64
51.0,17400000,4,16,2,1,92,152
80.0,36500000,4,4,2,1,26,31
48.0,14500000,6,14,2,1,6,133
61.0,17500000,6,16,2,1,27,267
59.2,23000000,9,9,2,1,126,255
53.0,18500000,8,14,2,1,67,11
38.5,13500000,5,12,2,1,130,172
45.0,15950000,3,9,2,1,13,266
50.0,35000000,11,13,2,1,89,118
46.0,11000000,9,9,2,1,38,268
44.0,15500000,4,9,2,1,34,171
36.0,19900000,3,8,2,1,1,126
44.0,14500000,2,5,2,1,10,11
57.4,15900000,11,17,2,1,67,11
53.4,17600000,6,17,2,1,14,16
60.5,19990000,6,25,2,1,101,128
50.7,19990000,2,17,2,1,41,81
57.4,14600000,4,5,2,1,74,263
42.0,24900000,19,19,2,1,8,9
50.1,20000000,2,17,2,1,30,35
39.0,12990000,8,9,2,1,128,269
42.2,14400000,15,26,2,1,92,128
48.2,11800000,2,5,2,1,25,30
61.3,24000000,20,25,2,1,69,90
51.0,28499000,18,27,2,1,68,84
43.0,10950000,1,5,2,1,11,13
54.0,12650000,12,17,2,1,58,73
50.8,27500000,3,12,2,1,8,9
54.0,15299000,4,17,2,1,2,242
47.6,16990000,11,14,2,1,8,230
46.0,14500000,6,12,2,1,84,270
43.3,25000000,8,26,2,1,92,128
78.0,35500000,3,11,2,1,50,150
52.0,24500000,3,8,2,1,8,118
45.0,18490000,9,9,2,1,32,37
40.4,14500000,12,13,2,1,46,54
59.3,34000000,6,12,2,1,50,162
47.6,12450000,3,9,2,1,28,32
44.5,12200000,2,5,2,1,125,136
46.0,11890000,1,9,2,1,63,59
30.0,12900000,2,5,2,1,92,68
37.8,14700000,7,12,2,1,15,19
72.6,27500000,7,26,2,1,50,60
50.9,12400000,4,14,2,1,36,271
40.0,15550000,6,9,2,1,124,10
37.0,9900000,9,12,2,1,61,24
38.4,10790000,12,14,2,1,45,53
56.0,14900000,1,5,2,1,11,13
57.7,22000000,8,17,2,1,95,131
50.0,17500000,11,16,2,1,130,172
44.0,10990000,9,9,2,1,48,56
65.8,30000000,16,28,2,1,16,20
39.1,13500000,9,12,2,1,124,56
60.0,17500000,20,25,2,1,106,175
42.3,12900000,1,5,2,1,96,137
69.5,21900000,3,14,2,1,99,108
38.6,10800000,8,12,2,1,125,251
44.0,12600000,4,5,2,1,85,30
53.0,16900000,16,22,2,1,13,266
40.74,24500000,8,13,2,1,3,18
51.8,13900000,16,16,2,1,28,33
58.0,26000000,5,9,2,1,90,272
41.0,13970000,5,8,2,1,33,69
71.0,29800000,2,28,2,1,16,20
45.0,34999999,3,7,2,1,104,273
57.1,31000000,5,8,2,1,18,23
45.0,12800000,3,9,2,1,46,54
54.0,30500000,2,8,2,1,8,274
42.7,29200000,8,8,2,1,104,228
58.0,23200000,5,22,2,1,42,58
47.2,12100000,4,12,2,1,35,43
45.1,24500000,5,12,2,1,90,123
51.8,23000000,16,17,2,1,62,49
49.6,17700000,2,5,2,1,75,47
45.7,10880000,1,12,2,1,77,105
51.0,25700000,10,22,2,1,69,89
62.0,18000000,1,8,2,1,18,23
45.9,14400000,3,5,2,1,67,11
56.3,10999000,7,17,2,1,58,73
60.8,27000000,2,30,2,1,44,61
54.0,15500000,2,5,2,1,105,165
41.7,11000000,6,12,2,1,135,65
49.5,16500000,3,23,2,1,128,275
64.9,19500000,10,16,2,1,107,177
37.4,11200000,4,12,2,1,48,70
53.1,22000000,8,15,2,1,65,79
47.0,19650000,5,5,2,1,18,23
45.1,11900000,8,9,2,1,63,47
45.0,16300000,5,9,2,1,32,55
47.0,14990000,6,24,2,1,74,95
47.6,21000000,6,9,2,1,101,155
45.0,26000000,7,27,2,1,30,44
60.0,20900000,7,8,2,1,87,114
53.4,13900000,13,17,2,1,19,42
57.0,26000000,3,8,2,1,8,118
35.7,23350000,10,27,2,1,42,58
53.3,30900000,8,8,2,1,104,273
56.2,16500000,7,19,2,1,64,78
57.0,26000000,7,8,2,1,68,84
65.8,32000000,20,20,2,1,1,1
45.1,12350000,4,9,2,1,19,146
68.0,35900000,17,28,2,1,65,239
48.7,15999000,5,18,2,1,1,1
57.0,30900000,14,24,2,1,32,37
49.0,19000000,4,5,2,1,8,97
42.8,12500000,1,5,2,1,54,244
38.0,24990000,3,20,2,1,3,18
57.0,12650000,16,18,2,1,58,73
38.0,9500000,1,12,2,1,61,40
54.0,14500000,13,14,2,1,20,24
42.0,15500000,19,23,2,1,60,69
46.2,11900000,1,12,2,1,45,141
44.4,12000000,6,9,2,1,46,54
37.6,12000000,6,9,2,1,128,269
47.1,12100000,2,12,2,1,29,34
40.0,12700000,3,14,2,1,70,102
46.0,13200000,9,9,2,1,82,112
45.0,13500000,2,5,2,1,16,262
44.9,14100000,5,5,2,1,17,143
41.7,14890000,2,5,2,1,32,276
58.9,22000000,17,25,2,1,10,166
60.0,14900000,1,22,2,1,93,129
55.6,15500000,5,7,2,1,133,259
37.3,13800000,4,9,2,1,50,230
55.5,14000000,4,5,2,1,75,102
37.4,13999000,3,9,2,1,102,156
46.0,30500000,14,26,2,1,13,15
51.0,30800000,12,14,2,1,30,115
55.7,16200000,3,5,2,1,31,36
58.6,17000000,6,8,2,1,11,59
58.5,15050000,17,17,2,1,79,30
42.2,20900000,2,8,2,1,18,111
45.8,15500000,6,12,2,1,129,56
51.0,15500000,5,17,2,1,52,65
46.8,29000000,16,21,2,1,32,37
82.79,29500000,13,18,2,1,99,277
45.2,30500000,3,10,2,1,12,278
51.9,24500000,2,8,2,1,21,25
76.0,35000000,12,27,2,1,32,279
34.0,31500000,2,8,2,1,12,278
52.1,21099000,7,24,2,1,71,109
44.5,11800000,5,9,2,1,23,28
64.1,34999999,17,17,2,1,56,8
42.4,8400000,5,16,2,1,14,280
51.2,13399000,12,14,2,1,57,107
43.4,11500000,8,9,2,1,88,93
46.8,16380000,5,12,2,1,89,143
41.0,14250000,5,5,2,1,12,278
40.0,11500000,5,5,2,1,128,261
35.0,10500000,4,6,2,1,99,108
66.8,15800000,3,21,2,2,110,89
70.01,16990000,4,5,2,2,116,201
31.9,8450000,3,3,2,2,116,201
42.7,4250000,2,2,2,2,102,29
73.0,24300000,4,4,2,2,119,198
45.9,16910000,16,22,2,2,108,89
45.0,7750000,3,9,2,2,111,157
66.61,21308939,2,11,2,2,121,250
45.0,9200000,2,5,2,2,121,206
65.0,19500000,5,6,2,2,121,250
60.0,11500000,5,8,2,2,114,186
30.8,3950000,1,3,2,2,114,186
60.1,14800000,3,12,2,2,108,180
45.0,6950000,2,5,2,2,121,206
37.3,8900000,3,5,2,2,116,201
41.0,7190000,4,5,2,2,113,185
62.5,33600000,6,10,2,2,115,118
50.3,7450000,8,9,2,2,111,183
72.4,20525400,1,7,2,2,119,201
53.0,7998888,12,14,2,2,121,205
52.4,12990000,1,5,2,2,119,281
41.7,5950000,1,5,2,2,117,212
60.0,13900000,6,19,2,2,116,217
42.0,7000000,7,9,2,2,109,29
85.0,35000000,6,11,2,2,115,118
42.6,4300000,3,3,2,2,122,184
55.4,10350000,1,5,2,2,108,223
44.0,7100000,5,10,2,2,117,212
55.0,9290000,9,12,2,2,108,180
51.2,8200000,4,5,2,2,110,282
84.5,12500000,3,3,2,2,102,29
51.0,13149999,9,9,2,2,117,186
61.3,9800000,7,12,2,2,110,187
77.0,26900000,18,24,2,2,121,206
75.0,31900000,11,26,2,2,110,208
55.8,9899000,18,26,2,2,110,210
81.4,33900000,4,6,2,2,120,225
58.3,9990000,1,5,2,2,109,192
55.6,9400000,4,12,2,2,117,195
53.0,14499000,19,25,2,2,121,206
52.4,15300000,18,24,2,2,108,180
34.0,5190000,13,13,2,2,112,203
51.63,21963000,5,6,2,2,120,226
85.7,22700000,11,12,2,2,108,180
44.4,5200000,2,5,2,2,114,206
46.0,6150000,4,5,2,2,112,213
54.0,11750000,3,15,2,2,102,181
44.0,7650000,9,9,2,2,117,186
55.3,8890000,3,12,2,2,108,208
51.3,14290000,12,24,2,2,111,157
50.0,17400000,5,7,2,2,115,118
44.4,8950000,12,14,2,2,102,29
52.6,20521890,3,4,2,2,119,197
43.3,12000000,3,5,2,2,115,247
38.0,4600000,8,16,2,2,111,157
66.3,18710000,10,11,2,2,116,246
56.8,11990000,2,14,2,2,117,218
75.0,19317000,5,11,2,2,116,246
44.2,4250000,4,5,2,2,122,184
45.07,6700000,8,9,2,2,117,213
47.0,8850000,5,17,2,2,112,213
37.7,9500000,5,6,2,2,115,118
54.0,12790000,4,5,2,2,116,246
52.3,8000000,8,12,2,2,122,193
43.0,5750000,10,12,2,2,110,187
51.6,10400000,12,25,2,2,102,192
69.0,19900000,1,4,2,2,119,281
62.7,20000000,1,10,2,2,116,246
62.1,12800000,4,24,2,2,108,180
75.4,14999999,2,6,2,2,119,198
45.5,9200000,5,9,2,2,117,212
46.0,5990000,3,5,2,2,112,213
61.5,19700000,3,6,2,2,110,89
70.5,16900000,3,17,2,2,111,207
62.0,12000000,6,15,2,2,121,205
62.7,11500000,1,10,2,2,108,180
53.9,10500000,14,24,2,2,112,184
86.7,19800000,4,5,2,2,116,246
50.6,9200000,3,9,2,2,111,183
49.9,6000000,5,13,2,2,114,193
55.8,9790000,2,7,2,2,112,213
57.0,8950000,12,25,2,2,113,204
56.8,16499000,11,16,2,2,116,217
42.0,5800000,2,12,2,2,113,185
41.7,5890000,5,5,2,2,121,205
48.7,9150000,2,4,2,2,112,227
71.0,26950000,4,9,2,2,112,227
69.9,17450000,2,3,2,2,108,188
72.7,22998000,5,20,2,2,108,188
79.1,20500000,2,4,2,2,116,161
49.5,7400000,6,12,2,2,111,248
54.0,17200000,5,12,2,2,110,207
67.0,27500000,10,10,2,2,108,200
48.8,6000000,3,5,2,2,121,205
51.1,11600000,3,4,2,2,102,181
44.9,8800000,3,5,2,2,117,212
57.0,21500000,5,12,2,2,113,215
83.0,29800000,9,9,2,2,115,220
68.3,8849999,1,6,2,2,119,222
51.0,14000000,4,5,2,2,112,213
55.0,10000000,2,2,2,2,108,187
44.0,9300000,1,5,2,2,116,217
52.3,15200000,1,4,2,2,120,140
54.9,14420000,8,11,2,2,121,206
50.1,9500000,5,16,2,2,112,184
52.5,14850000,12,13,2,2,108,207
55.0,9900000,1,14,2,2,121,205
72.2,13399000,11,16,2,2,112,189
50.1,12600000,6,16,2,2,112,189
51.2,10350000,4,14,2,2,113,185
62.6,20900000,3,3,2,2,114,205
51.2,10449000,6,13,2,2,113,157
46.7,10500000,6,17,2,2,108,208
54.0,11600000,13,19,2,2,108,180
54.3,16000000,2,13,2,2,117,195
58.5,10500000,10,20,2,2,112,213
59.0,19500000,10,10,2,2,119,228
45.8,6600000,3,5,2,2,112,189
42.2,5990000,5,5,2,2,109,181
44.1,7255000,1,9,2,2,112,196
43.0,12930000,2,5,2,2,110,207
54.0,11600000,3,5,2,2,112,227
55.2,14999000,5,12,2,2,121,216
61.6,8790000,2,17,2,2,112,213
45.5,5900000,4,5,2,2,112,203
45.5,6990000,3,5,2,2,117,219
46.3,8190000,5,9,2,2,117,213
45.2,8400000,2,7,2,2,113,215
67.1,12500000,1,4,2,2,120,283
43.9,6000000,6,9,2,2,112,189
45.6,11190000,3,5,2,2,109,209
44.0,12600000,4,6,2,2,116,201
46.2,6199999,1,9,2,2,109,181
59.0,10800000,1,13,2,2,108,180
56.8,14999000,17,20,2,2,112,135
71.0,26300000,8,9,2,2,113,215
51.5,11850800,17,17,2,2,108,188
43.4,4700000,1,5,2,2,102,181
46.2,6800000,3,5,2,2,102,181
44.7,11350000,5,7,2,2,116,201
51.2,13900000,2,5,2,2,120,225
42.0,8600000,1,5,2,2,113,215
54.0,20900000,2,6,2,2,120,140
43.0,12600000,18,27,2,2,121,205
54.9,10990000,13,16,2,2,110,187
54.4,10800000,6,6,2,2,114,186
54.3,14200000,9,17,2,2,112,189
42.0,5130000,1,5,2,2,102,181
74.5,29400000,2,8,2,2,115,191
47.0,9000000,6,9,2,2,110,187
51.1,7850000,9,12,2,2,113,185
57.0,6990000,9,10,2,2,102,181
65.0,14700000,2,4,2,2,119,197
51.0,8489000,8,9,2,2,111,157
51.94,9700000,13,14,2,2,113,204
61.0,11990000,5,20,2,2,108,180
44.3,7000000,5,5,2,2,111,157
73.9,18500000,3,5,2,2,119,229
61.3,12650000,13,16,2,2,113,185
48.5,7150000,1,5,2,2,121,206
46.0,12400000,6,9,2,2,110,208
61.0,13790000,5,16,2,2,116,217
45.0,7300000,4,5,2,2,117,212
61.3,14999999,3,5,2,2,119,197
65.0,29900000,3,16,2,2,116,217
56.0,7400000,1,5,2,2,102,181
68.2,17500000,4,13,2,2,121,205
45.0,7490000,2,9,2,2,111,157
67.72,20530000,4,19,2,2,116,217
69.9,20500000,11,20,2,2,110,187
45.7,7500000,5,5,2,2,112,213
65.0,11029500,6,9,2,2,113,185
56.0,20900000,11,14,2,2,117,195
42.3,7500000,2,5,2,2,113,215
76.1,29900000,3,9,2,2,115,191
44.3,8299000,8,9,2,2,110,187
47.6,15500000,7,13,2,2,108,200
68.0,15200000,1,12,2,2,113,189
61.0,21600000,7,12,2,2,121,216
85.04,25000000,5,24,2,2,118,188
58.4,13500000,2,5,2,2,110,207
65.0,14200000,8,15,2,2,108,180
82.5,32000000,4,9,2,2,121,250
46.4,7500000,5,9,2,2,108,89
66.7,15390000,1,23,2,2,117,195
62.9,9700000,3,24,2,2,113,204
81.0,24500000,5,12,2,2,110,182
55.7,14203500,18,18,2,2,116,217
49.5,10150000,10,10,2,2,108,180
55.2,9350000,6,8,2,2,108,188
66.3,19200000,14,17,2,2,108,182
45.0,5718000,3,5,2,2,109,181
45.5,7800000,2,9,2,2,102,29
69.0,18300000,5,5,2,2,115,161
48.0,8500000,12,12,2,2,102,192
50.1,10800000,14,22,2,2,112,213
49.1,11999990,1,17,2,2,111,190
55.9,12000000,5,5,2,2,114,186
50.4,12000000,3,12,2,2,110,282
53.6,12500000,9,12,2,2,121,206
52.0,12650000,8,16,2,2,109,181
41.6,12840000,4,5,2,2,110,207
58.0,12850000,7,16,2,2,112,196
54.0,13200000,12,13,2,2,116,217
61.0,13300000,1,4,2,2,102,181
53.4,13600000,10,24,2,2,111,207
79.3,14400000,3,9,2,2,110,187
67.5,13600000,4,5,2,2,114,186
53.1,15400000,6,23,2,2,121,205
66.5,15500000,8,18,2,2,117,195
57.63,16500000,9,22,2,2,113,185
61.4,14200000,11,12,2,2,102,181
57.0,16700000,6,7,2,2,110,187
68.8,16999999,14,25,2,2,108,180
62.5,14690000,5,11,2,2,113,185
54.05,17300000,7,9,2,2,111,190
58.8,13600000,11,13,2,2,111,183
56.1,9299000,2,5,2,2,112,213
58.0,17900000,15,15,2,2,116,217
66.4,28900000,15,19,2,2,119,216
48.6,9990000,11,18,2,2,112,135
73.3,27900000,4,9,2,2,115,191
47.4,10850000,8,10,2,2,110,187
79.5,23200000,9,11,2,2,116,246
44.2,7800000,1,9,2,2,117,212
43.4,6210000,1,5,2,2,109,209
57.1,8700000,3,10,2,2,108,180
46.3,6100000,1,5,2,2,113,215
49.7,7700000,4,9,2,2,117,212
63.8,20550000,18,23,2,2,112,135
67.8,28000000,6,11,2,2,117,224
80.6,23900000,5,5,2,2,120,226
46.0,20950000,13,14,2,2,116,217
80.2,27500000,11,20,2,2,121,228
73.7,30000000,2,4,2,2,102,29
76.9,25000000,16,18,2,2,121,216
55.8,12790000,4,5,2,2,108,223
51.0,4500000,4,5,2,2,102,181
46.1,5590000,5,5,2,2,102,29
52.7,10300000,10,12,2,2,112,189
45.0,5500000,5,5,2,2,122,193
43.3,8300000,1,5,2,2,116,217
68.2,25000000,9,17,2,2,110,282
45.0,5500000,5,5,2,2,123,181
64.5,19800000,6,25,2,2,116,217
71.3,17950000,3,12,2,2,109,192
43.4,7200000,5,5,2,2,114,186
44.19,6995000,4,9,2,2,112,196
46.1,5800000,2,5,2,2,110,187
52.0,10000000,6,6,2,2,119,229
65.3,25900000,4,6,2,2,120,199
47.6,6200000,8,10,2,2,102,181
54.0,10250000,2,12,2,2,112,184
44.9,7650000,4,9,2,2,117,195
57.3,23100000,5,6,2,2,116,217
41.8,5990000,5,5,2,2,111,190
73.97,16350000,12,14,2,2,108,207
62.0,8350000,4,25,2,2,110,187
68.7,9500000,5,9,2,2,123,186
49.4,7700000,4,5,2,2,114,186
50.2,8550000,6,10,2,2,102,29
67.5,25000000,2,9,2,2,119,228
50.1,9900000,7,9,2,2,117,195
45.0,5800000,9,9,2,2,102,181
56.8,10300000,6,18,2,2,122,184
54.7,10500000,2,16,2,2,110,187
65.0,19300000,6,6,2,2,116,201
64.9,15000000,14,17,2,2,116,217
47.5,6600000,1,9,2,2,102,181
44.7,7665000,8,9,2,2,112,196
84.5,29990000,10,11,2,2,117,224
44.7,6750000,1,5,2,2,121,206
68.3,36000000,4,5,2,2,115,247
45.6,6890000,3,5,2,2,112,135
73.0,30590000,5,8,2,2,115,161
43.0,6800000,4,5,2,2,114,186
62.2,19000000,3,6,2,2,115,118
52.0,6800000,2,3,2,2,122,193
57.0,7750000,2,5,2,2,102,181
61.0,6990000,2,12,2,2,122,184
60.62,17000000,13,14,2,2,108,207
63.4,9450000,5,17,2,2,112,203
45.0,7990000,4,5,2,2,113,185
54.0,14270000,17,25,2,2,108,180
58.07,16780000,14,14,2,2,108,207
45.8,7000000,5,5,2,2,112,213
43.0,7490000,5,5,2,2,110,182
53.5,7850000,5,22,2,2,113,204
47.4,7900000,9,9,2,2,113,185
45.7,7900000,5,9,2,2,113,185
44.8,7700000,4,5,2,2,111,183
46.9,8000000,8,9,2,2,109,192
54.0,8099000,11,14,2,2,110,187
44.16,7700000,2,9,2,2,112,196
44.2,8150000,4,5,2,2,111,207
64.8,7760000,4,5,2,2,114,193
56.0,8200000,16,16,2,2,102,181
50.2,8400000,12,15,2,2,113,204
46.3,7950000,2,5,2,2,111,157
43.0,8690000,1,4,2,2,123,181
45.4,8100000,6,6,2,2,111,157
54.0,8650000,8,12,2,2,121,205
57.9,9100000,16,19,2,2,113,204
52.8,8199000,15,24,2,2,113,183
47.98,9300000,16,21,2,2,113,183
46.1,9500000,2,9,2,2,102,181
43.0,9500000,3,5,2,2,112,227
61.7,8400000,4,10,2,2,114,193
50.8,9700000,3,12,2,2,117,195
44.0,9900000,2,5,2,2,111,157
48.9,9999000,6,21,2,2,121,186
41.4,10000000,7,7,2,2,119,228
62.7,10150000,4,18,2,2,113,204
71.3,10700000,9,20,2,2,114,186
48.2,9850000,9,9,2,2,111,157
51.0,11000000,5,5,2,2,117,224
52.2,11390000,9,25,2,2,108,187
46.0,9980000,1,10,2,2,110,187
53.1,11300000,2,13,2,2,108,188
54.6,11450000,6,23,2,2,102,29
56.1,9980000,7,25,2,2,113,204
62.4,11600000,1,2,2,2,116,201
66.0,11950000,3,13,2,2,108,180
54.7,13900000,9,14,2,2,116,217
71.1,18900000,3,17,2,2,121,250
62.7,17980000,3,4,2,2,114,186
65.8,14700000,1,17,2,2,117,212
52.5,14850000,4,5,2,2,113,215
52.9,12400000,6,13,2,2,102,29
59.1,13970000,3,20,2,2,116,217
60.8,15990000,2,6,2,2,119,229
66.72,16750000,1,9,2,2,110,207
82.5,15900000,4,5,2,2,114,186
71.3,17500000,2,3,2,2,108,188
53.2,16400000,2,7,2,2,116,246
54.7,30000000,7,7,2,2,119,283
62.0,12500000,6,19,2,2,116,217
79.8,22700000,2,9,2,2,119,229
60.7,19500000,12,19,2,2,112,227
59.0,6000000,13,16,2,2,113,185
51.2,5750000,9,9,2,2,122,193
56.0,12000000,10,10,2,2,108,188
52.3,5500000,1,2,2,2,123,29
42.1,5990000,3,5,2,2,102,181
43.0,5680000,1,5,2,2,112,203
62.4,16150000,11,13,2,2,108,180
74.11,16800000,10,14,2,2,108,207
44.85,7100000,4,5,2,2,121,202
31.3,5250000,5,5,2,2,102,181
56.74,14850000,15,22,2,2,111,207
42.1,4590000,2,5,2,2,122,193
70.0,18300000,2,8,2,2,108,180
41.8,6140000,1,5,2,2,111,157
44.2,12199000,2,8,2,2,115,118
41.2,5900000,4,5,2,2,113,185
36.4,5300000,2,5,2,2,123,192
56.4,12300000,1,4,2,2,119,228
51.0,5780000,2,9,2,2,114,193
48.0,13999999,3,25,2,2,108,187
60.5,14500000,12,14,2,2,121,206
43.8,5500000,3,5,2,2,122,184
64.6,14500000,2,13,2,2,111,183
44.0,5850000,5,5,2,2,112,196
44.4,4500000,2,5,2,2,122,184
51.1,15500000,20,24,2,2,108,180
35.4,5500000,2,4,2,2,121,205
62.0,14800000,17,22,2,2,111,207
66.47,16150000,12,14,2,2,108,223
76.0,16500000,11,15,2,2,111,207
59.0,5800000,3,6,2,2,114,206
64.2,16500000,8,12,2,2,113,185
56.5,16500000,4,5,2,2,116,246
40.0,14000000,3,9,2,1,28,32
34.8,14900000,1,8,2,1,3,3
49.0,10000000,9,10,2,1,38,268
63.2,35000000,2,17,2,1,42,50
47.6,11990000,3,9,2,1,28,32
52.1,12600000,15,16,2,1,45,53
52.1,12950000,6,12,2,1,14,16
38.6,9800000,8,12,2,1,125,251
60.1,15600000,9,17,2,1,14,53
39.0,15490000,4,9,2,1,101,229
43.0,13500000,4,5,2,1,47,64
54.0,28500000,8,8,2,1,126,202
60.1,16800000,12,17,2,1,19,42
45.0,14200000,5,12,2,1,47,64
42.6,12500000,2,9,2,1,89,135
35.8,9800000,6,14,2,1,38,268
53.7,17900000,4,16,2,1,59,121
61.3,22500000,3,21,2,1,43,91
57.5,22000000,5,5,2,1,33,157
50.5,13800000,7,17,2,1,14,16
69.2,34400000,7,18,2,1,102,284
58.8,21500000,17,22,2,1,69,127
44.4,11000000,6,9,2,1,86,24
59.6,22800000,2,18,2,1,43,91
49.2,30900000,12,14,2,1,30,115
43.0,11990000,2,12,2,1,29,34
49.2,31000000,12,13,2,1,30,115
52.0,34400000,6,13,2,1,39,14
50.3,14299999,12,12,2,1,29,34
44.9,10500000,2,12,2,1,75,102
47.3,15000000,9,17,2,1,86,24
60.7,20400000,2,19,2,1,89,163
38.4,9980000,4,12,2,1,75,102
56.7,18000000,1,5,2,1,101,229
52.3,28300000,12,30,2,1,68,84
54.0,12500000,12,17,2,1,58,73
39.0,14490000,9,9,2,1,105,260
53.7,14200000,14,16,2,1,2,2
39.5,16490000,11,12,2,1,54,38
56.0,27900000,15,22,2,1,30,35
60.0,33000000,10,20,2,1,43,51
57.2,21000000,5,9,2,1,125,136
46.1,16600000,2,14,2,1,57,72
43.4,11400000,8,9,2,1,88,93
51.8,18200000,3,14,2,1,31,170
52.0,30500000,6,9,2,1,126,75
40.0,16350000,8,9,2,1,22,23
36.0,17490000,5,9,2,1,89,135
51.0,16500000,9,14,2,1,2,242
43.1,17300000,5,5,2,1,98,285
65.6,20700000,9,9,2,1,15,42
51.0,25490000,6,12,2,1,16,262
58.8,33000000,2,7,2,1,130,148
64.9,24900000,3,5,2,1,33,157
38.7,10370000,2,12,2,1,25,30
47.0,18500000,5,9,2,1,32,37
53.6,13300000,17,17,2,1,53,256
57.4,15700000,11,17,2,1,67,11
53.2,20700000,4,17,2,1,37,46
67.23,32500000,8,17,2,1,125,136
60.0,19300000,7,9,2,1,9,1
45.6,18500000,6,14,2,1,8,9
46.0,13100000,9,9,2,1,82,112
78.0,25500000,6,8,2,1,125,136
63.0,35000000,1,5,2,1,8,286
43.3,20500000,8,26,2,1,92,128
53.5,36500000,19,20,2,1,16,20
44.0,25300000,14,27,2,1,68,84
61.1,25500000,6,8,2,1,130,148
41.0,29900000,19,20,2,1,3,3
39.0,11000000,10,12,2,1,83,70
37.1,12950000,12,12,2,1,28,33
44.3,23850000,8,8,2,1,87,104
57.5,22000000,4,5,2,1,42,58
60.0,36000000,2,16,2,1,104,161
49.0,18800000,2,23,2,1,13,15
57.0,31000000,9,19,2,1,32,37
45.0,10800000,7,9,2,1,88,116
39.0,16500000,1,22,2,1,59,74
54.3,31900000,6,21,2,1,12,278
66.5,19400000,11,17,2,1,81,57
44.4,11000000,11,12,2,1,29,43
52.0,10900000,10,16,2,2,108,180
46.7,15056080,2,10,2,2,108,182
48.61,9300000,11,17,2,2,108,188
60.2,22538880,7,11,2,2,119,228
60.4,23241920,9,11,2,2,119,228
50.2,8190000,1,9,2,2,117,195
46.1,7980000,4,5,2,2,121,205
58.1,22731120,10,11,2,2,119,228
41.3,7380000,4,5,2,2,114,186
44.3,4999999,8,9,2,2,102,181
54.8,14000000,9,15,2,2,116,217
64.1,22665760,7,10,2,2,108,182
57.3,13545000,17,25,2,2,112,196
44.5,4700000,3,5,2,2,102,181
60.5,16700000,18,18,2,2,112,196
57.9,16860480,8,13,2,2,116,217
51.13,15170000,14,14,2,2,108,223
55.1,10690000,4,4,2,2,114,186
43.4,7700000,3,5,2,2,108,223
72.9,30700000,4,10,2,2,115,220
63.3,24000000,4,5,2,2,120,225
57.4,10399000,1,5,2,2,118,188
62.5,32700000,6,10,2,2,115,118
37.3,8730000,3,5,2,2,116,201
42.0,5295000,1,5,2,2,111,190
50.0,16999999,6,7,2,2,115,118
53.0,12250000,8,12,2,2,108,188
55.8,12600000,4,5,2,2,108,223
54.6,7500000,2,3,2,2,113,185
68.0,18990000,17,18,2,2,113,196
80.4,17700000,17,25,2,2,110,187
67.2,25700000,3,5,2,2,115,161
60.62,16980000,13,14,2,2,108,223
50.8,7500000,13,14,2,2,113,189
42.6,6000000,3,5,2,2,112,213
51.0,13149000,9,9,2,2,117,186
63.1,26950000,3,5,2,2,115,247
45.7,7900000,4,9,2,2,110,187
35.6,5500000,4,4,2,2,112,135
56.7,15499999,14,16,2,2,111,207
50.4,10490000,4,9,2,2,112,189
64.02,17690000,4,7,2,2,116,217
57.9,10900000,5,5,2,2,120,249
45.5,5759000,1,9,2,2,122,193
49.1,9900000,12,12,2,2,102,29
47.0,10150000,3,9,2,2,111,157
46.4,14900000,2,5,2,2,120,225
58.8,10400000,2,18,2,2,109,222
53.6,12600000,2,5,2,2,113,221
74.0,14490000,2,6,2,2,114,186
50.8,10590000,9,10,2,2,117,195
72.0,35900000,8,9,2,2,120,225
41.7,6949000,4,8,2,2,109,192
48.5,7550000,6,9,2,2,110,187
43.0,8380000,1,5,2,2,116,217
51.0,8780000,8,14,2,2,108,180
45.4,5400000,3,5,2,2,111,207
49.2,8950000,2,12,2,2,111,248
44.5,5500000,6,7,2,2,112,213
45.4,10490000,1,2,2,2,110,182
55.5,7450000,4,12,2,2,113,185
56.55,11000000,10,22,2,2,108,188
57.0,13150000,2,5,2,2,110,182
75.4,14699999,2,6,2,2,119,198
62.3,11500000,12,28,2,2,110,210
56.8,16999000,11,16,2,2,116,217
50.9,5750000,2,3,2,2,113,185
48.8,6399000,4,14,2,2,122,193
59.5,17350000,8,8,2,2,118,188
47.5,16700000,5,6,2,2,119,229
59.2,11990000,12,27,2,2,110,210
41.7,5840000,5,5,2,2,121,205
51.0,23000000,3,5,2,2,116,246
63.0,15050000,6,13,2,2,110,187
51.59,25460000,8,8,2,2,115,161
44.1,7249000,1,9,2,2,112,196
53.5,22150000,2,16,2,2,113,215
56.3,13260000,3,7,2,2,120,226
57.6,10690000,2,6,2,2,110,207
55.0,9600000,2,12,2,2,108,180
69.0,12290000,7,10,2,2,112,196
51.1,11300000,3,4,2,2,102,181
44.9,7990000,7,9,2,2,111,183
52.8,5090000,1,2,2,2,108,188
56.4,18500000,4,6,2,2,120,226
61.6,8940000,2,17,2,2,112,213
53.7,9490000,3,9,2,2,109,181
63.2,17350000,20,25,2,2,112,135
46.0,5440000,1,6,2,2,114,193
33.0,9300000,7,7,2,2,115,220
75.6,8550000,2,9,2,2,102,181
41.5,4900000,5,5,2,2,112,203
54.9,10500000,12,12,2,2,112,184
51.3,13500000,12,24,2,2,111,157
51.2,10000000,4,14,2,2,113,185
55.0,9390000,1,14,2,2,121,205
45.8,7200000,1,9,2,2,113,189
45.7,8300000,1,9,2,2,108,89
80.0,14000000,3,9,2,2,110,187
68.3,23500000,2,5,2,2,115,220
47.9,10500000,5,12,2,2,117,195
44.2,7800000,3,5,2,2,111,183
57.3,16490000,2,6,2,2,120,249
45.3,5350000,3,5,2,2,109,181
55.3,14900000,4,5,2,2,121,206
43.9,7250000,1,5,2,2,111,183
44.2,4900000,4,5,2,2,122,184
73.9,25000000,5,11,2,2,110,207
43.4,6350000,1,5,2,2,109,209
41.4,17388000,5,8,2,2,115,220
50.1,10650000,9,13,2,2,108,89
49.8,8490000,9,9,2,2,117,195
60.9,11500000,4,4,2,2,108,223
76.5,16480000,2,5,2,2,116,201
51.2,7990000,4,5,2,2,110,282
51.0,11990000,7,9,2,2,111,207
46.2,12250000,3,4,2,2,116,201
41.7,6770000,4,5,2,2,121,205
49.0,7800000,4,9,2,2,117,212
72.1,14390000,15,25,2,2,110,187
45.0,6999000,3,5,2,2,117,212
66.0,25900000,7,10,2,2,116,217
47.7,8500000,10,12,2,2,117,195
47.3,7100000,3,5,2,2,114,193
65.0,14600000,2,4,2,2,119,197
52.4,15099000,1,12,2,2,110,182
44.2,7300000,1,9,2,2,117,212
59.0,10900000,5,5,2,2,108,188
34.4,8500000,4,13,2,2,108,188
50.3,17786080,7,14,2,2,108,182
56.99,17000000,11,13,2,2,116,217
44.08,13600000,3,5,2,2,118,188
80.6,19900000,5,5,2,2,120,226
44.0,6100000,5,5,2,2,111,157
34.5,7500000,9,15,2,2,110,210
43.0,11450000,3,5,2,2,121,206
81.0,24000000,5,12,2,2,110,182
47.5,11750000,14,25,2,2,108,187
56.9,19000000,19,23,2,2,112,213
81.6,23000000,6,13,2,2,110,182
59.0,5800000,13,16,2,2,113,185
45.1,5500000,2,5,2,2,102,181
56.3,13900000,5,5,2,2,108,223
50.3,8400000,4,9,2,2,112,189
42.0,4990000,3,3,2,2,123,29
66.7,14990000,1,23,2,2,117,195
43.7,5700000,3,4,2,2,102,181
54.5,10700000,12,16,2,2,112,184
69.0,17999900,5,5,2,2,115,161
42.0,7490000,8,9,2,2,109,181
77.4,24900000,1,6,2,2,116,201
45.7,5850000,5,5,2,2,111,157
